{
  "products": [
    {
      "id": 1,
      "title": "Mac Book Pro",
      "rating": 5,
      "price": 250000,
      "likes": 100,
      "imageUrl": "https://www.apple.com/v/macbook-pro-14-and-16/b/images/overview/hero/hero_intro_endframe__e6khcva4hkeq_large.jpg",
      "description": "Lorem Ipsum es simplemente el texto de relleno de las imprentas y archivos de texto. Lorem Ipsum ha sido el texto de relleno estándar de las industrias desde el año 1500, cuando un impresor (N. del T. persona que se dedica a la imprenta) desconocido usó una galería de textos y los mezcló de tal manera que logró hacer un libro de textos especimen. No sólo sobrevivió 500 años, sino que tambien ingresó como texto de relleno en documentos electrónicos, quedando esencialmente igual al original. "
    },
    {
      "id": 2,
      "title": "Mac Book Air",
      "rating": 5,
      "price": 200000,
      "likes": 200,
      "imageUrl": "https://store.storeimages.cdn-apple.com/4668/as-images.apple.com/is/macbook-air-space-gray-select-201810?wid=904&hei=840&fmt=jpeg&qlt=90&.v=1664472289661",
      "description": "Lorem Ipsum es simplemente el texto de relleno de las imprentas y archivos de texto. Lorem Ipsum ha sido el texto de relleno estándar de las industrias desde el año 1500, cuando un impresor (N. del T. persona que se dedica a la imprenta) desconocido usó una galería de textos y los mezcló de tal manera que logró hacer un libro de textos especimen. No sólo sobrevivió 500 años, sino que tambien ingresó como texto de relleno en documentos electrónicos, quedando esencialmente igual al original. "
    },
    {
      "id": 3,
      "title": "Mi 4k Drone",
      "rating": 4,
      "price": 350000,
      "likes": 700,
      "imageUrl": "https://www.fimi.com/static/images/nav/top_4K.png",
      "description": "Lorem Ipsum es simplemente el texto de relleno de las imprentas y archivos de texto. Lorem Ipsum ha sido el texto de relleno estándar de las industrias desde el año 1500, cuando un impresor (N. del T. persona que se dedica a la imprenta) desconocido usó una galería de textos y los mezcló de tal manera que logró hacer un libro de textos especimen. No sólo sobrevivió 500 años, sino que tambien ingresó como texto de relleno en documentos electrónicos, quedando esencialmente igual al original. "
    },
    {
      "id": 4,
      "title": "Boat Headphones",
      "rating": 4,
      "price": 2000,
      "likes": 300,
      "imageUrl": "https://cdn.shopify.com/s/files/1/0057/8938/4802/products/rockerz-518-blue_600x.png?v=1613731627",
      "description": "Lorem Ipsum es simplemente el texto de relleno de las imprentas y archivos de texto. Lorem Ipsum ha sido el texto de relleno estándar de las industrias desde el año 1500, cuando un impresor (N. del T. persona que se dedica a la imprenta) desconocido usó una galería de textos y los mezcló de tal manera que logró hacer un libro de textos especimen. No sólo sobrevivió 500 años, sino que tambien ingresó como texto de relleno en documentos electrónicos, quedando esencialmente igual al original. "
    },
    {
      "id": 5,
      "title": "JBL Speakers",
      "rating": 2,
      "price": 5000,
      "likes": 800,
      "imageUrl": "https://www.myg.in/images/detailed/12/JBL_Boombox_2-1_mgid-eu.jpg",
      "description": "Lorem Ipsum es simplemente el texto de relleno de las imprentas y archivos de texto. Lorem Ipsum ha sido el texto de relleno estándar de las industrias desde el año 1500, cuando un impresor (N. del T. persona que se dedica a la imprenta) desconocido usó una galería de textos y los mezcló de tal manera que logró hacer un libro de textos especimen. No sólo sobrevivió 500 años, sino que tambien ingresó como texto de relleno en documentos electrónicos, quedando esencialmente igual al original. "
    },
    {
      "id": 6,
      "title": "Shoes",
      "price": 6000,
      "rating": 4,
      "likes": 900,
      "imageUrl": "https://contents.mediadecathlon.com/p2153236/8ff54ab7687daad665741f08d7be5d37/p2153236.jpg?format=auto&quality=70&f=650x0"
    },
    {
      "id": 7,
      "title": "Watch",
      "price": 10000,
      "rating": 3,
      "likes": 500,
      "imageUrl": "https://www.leafstudios.in/cdn/shop/products/Main_a66bce90-71a9-4c4f-9469-078ec70933e0_800x.jpg?v=1673960414"
    },
    {
      "id": 8,
      "title": "Earphones",
      "price": 5000,
      "rating": 4,
      "likes": 900,
      "imageUrl": "https://ptron.in/cdn/shop/products/B0BQC5NT44.MAIN.jpg?v=1678031508"
    },
    {
      "id": 9,
      "title": "Water Bottle",
      "price": 1000,
      "rating": 3,
      "likes": 300,
      "imageUrl": "https://m.media-amazon.com/images/I/81zdMi6Dz7L._AC_UF1000,1000_QL80_.jpg"
    }
  ]
}